PARCELA;IDADE;DAP;ALTURA;N;HDOM;G;VOLTOT
1;19.8;24.1;23.6;927.3;25.5;44.5;509.1
2;19.8;25.1;24.0;748.5;25.6;38.1;435.9
3;24.2;28.0;26.6;700.0;26.3;44.6;563.1
4;24.2;30.3;25.9;599.8;29.9;44.9;550.8
5;24.2;32.0;27.9;600.0;31.3;49.4;654.8
6;24.2;30.7;27.4;650.0;29.5;50.1;657.3
7;24.2;30.8;25.3;583.3;27.2;44.5;532.4
8;24.2;30.0;26.2;639.8;30.3;46.7;579.1
9;24.2;30.4;26.4;633.3;31.1;47.2;593.9
10;24.2;28.2;26.4;619.8;29.2;40.1;506.7
11;24.2;28.7;26.6;699.8;29.3;47.0;596.9
12;24.2;31.5;28.0;566.7;32.7;45.4;603.9
13;24.1;26.4;26.2;900.0;28.6;51.1;639.5
14;24.1;25.3;25.2;830.7;28.5;42.8;517.4
15;24.2;26.7;25.0;719.8;24.9;41.6;492.8
16;24.2;31.1;24.8;419.9;25.2;32.5;386.8
17;24.3;29.7;25.8;439.9;21.8;31.4;383.0
18;24.3;30.2;27.5;583.3;29.1;42.9;561.7
19;24.3;28.6;25.9;619.8;28.7;41.5;518.5
20;24.3;29.5;24.6;699.8;29.7;50.8;597.4
21;21.4;25.8;27.0;945.4;29.0;51.7;666.7
22;18.0;21.7;16.7;1059.6;20.8;41.0;338.5
23;18.0;20.7;16.8;1063.6;21.6;37.4;297.6
24;18.0;23.3;20.6;919.7;22.8;40.7;402.9
25;18.0;21.9;17.6;1099.6;22.3;43.3;360.6
26;18.0;22.3;18.4;939.7;22.5;38.4;344.3
27;18.0;23.8;17.9;839.7;21.4;39.1;344.1
28;18.0;21.7;20.0;999.7;21.0;38.9;366.2
29;18.0;21.0;20.0;984.8;21.7;35.3;330.9
30;25.3;24.8;25.5;1119.6;28.2;55.6;682.9
31;25.3;24.1;24.6;830.7;24.6;39.1;462.3
32;25.3;28.1;25.9;807.6;26.8;51.6;639.4
33;25.3;26.4;25.9;1024.2;29.7;57.8;723.9
34;21.6;28.1;26.6;539.8;27.1;34.7;437.5
35;21.6;30.6;26.5;610.6;26.5;46.3;581.4
36;21.6;28.0;26.7;533.3;27.3;34.4;434.4
37;21.6;30.4;26.7;571.2;27.5;42.9;544.8
38;21.6;32.0;26.8;519.8;22.9;43.3;554.3
39;21.6;29.2;27.3;533.3;28.5;36.3;468.1
40;21.6;29.6;27.1;639.8;29.1;45.5;587.8
41;20.7;26.4;23.2;750.0;25.7;42.8;469.3
42;20.7;27.1;23.3;599.8;25.4;35.6;392.8
43;20.7;27.8;22.9;659.8;24.8;41.4;449.4
44;20.7;26.4;23.2;750.0;25.3;42.7;470.0
45;20.7;27.6;22.6;679.8;24.2;42.1;449.8
46;24.3;30.0;22.6;472.7;24.9;35.0;379.0
47;24.2;30.8;26.2;579.8;28.3;45.1;564.8
48;24.2;26.5;25.2;759.7;24.4;43.1;517.1
49;24.3;30.2;26.2;566.7;28.2;41.9;529.6
50;19.8;24.5;22.3;879.7;25.8;43.3;468.3
51;24.2;25.5;25.6;859.7;24.6;44.8;543.7
52;24.2;28.5;26.9;679.8;30.9;44.4;570.4
53;24.2;25.8;25.0;666.7;26.0;36.0;426.3
54;24.2;29.8;24.9;583.3;27.9;42.1;508.5
55;23.0;22.3;22.0;933.3;23.1;38.7;410.7
56;23.0;22.1;21.4;908.0;22.0;36.1;370.1
57;23.0;24.1;22.9;883.0;23.8;42.5;467.5
58;23.0;24.7;22.4;792.1;23.2;40.6;429.4
59;21.9;29.8;24.8;598.9;27.7;43.1;507.9
60;21.9;28.8;24.2;533.3;26.9;35.9;418.2
61;21.9;27.6;24.4;695.5;29.0;43.5;514.0
62;24.2;28.5;25.4;559.8;27.9;36.6;446.8
63;24.1;26.8;24.7;689.4;27.7;41.1;494.2
64;24.2;32.1;27.1;483.3;29.2;40.2;523.2
65;16.9;25.6;22.8;919.7;25.1;48.9;524.2
66;16.9;23.5;22.7;959.7;23.9;42.9;453.3
67;16.9;24.6;21.9;1004.6;23.9;49.5;507.0
68;16.9;24.0;21.5;999.7;22.4;47.2;473.2
69;16.9;24.9;22.1;959.7;23.0;48.0;492.2
70;16.3;24.5;16.1;679.8;18.8;33.6;268.8
71;16.3;26.4;17.4;659.8;21.9;38.1;330.8
72;16.3;25.8;16.6;659.8;19.6;36.2;290.9
73;16.3;25.6;17.0;699.8;19.2;39.9;342.4
74;14.9;24.1;23.1;919.7;25.1;44.5;490.2
75;14.9;25.6;23.8;999.7;24.5;52.5;591.6
76;14.9;24.7;23.2;979.7;24.3;49.3;541.4
77;14.8;23.0;20.7;1039.6;21.7;44.8;440.1
78;14.8;24.3;21.2;1019.7;22.7;48.5;488.2
79;14.8;24.6;21.7;879.7;24.2;42.9;444.3
80;14.8;24.7;21.2;1004.5;24.0;49.8;506.3
81;14.8;24.1;20.7;1019.7;22.6;47.8;472.6
82;14.8;24.7;21.3;979.7;24.8;47.9;487.9
83;14.8;23.3;20.8;1043.9;23.3;47.0;468.9
84;14.8;24.1;21.5;1024.2;23.4;48.5;498.8
85;14.8;22.9;21.2;866.7;24.6;36.6;370.7
86;14.8;22.2;20.6;939.7;23.3;37.6;370.4
87;14.8;24.1;21.0;999.7;24.8;47.3;479.0
88;14.8;23.0;20.5;1043.9;23.8;45.4;449.6
89;14.8;25.1;21.6;739.7;24.9;37.4;385.7
90;14.8;25.0;21.2;839.7;23.2;42.1;425.1
91;14.8;23.0;21.2;1079.6;24.6;46.5;474.9
92;14.8;24.6;20.9;1039.6;22.0;51.1;506.9
93;14.8;24.9;20.1;779.7;22.8;39.2;380.1
94;14.8;25.6;20.6;939.7;24.6;49.9;495.2
95;14.8;24.7;20.8;939.7;22.7;47.3;466.7
96;14.8;26.1;21.2;739.7;23.4;41.1;412.8
97;14.8;23.1;19.8;1179.6;24.0;51.3;488.4
98;14.8;25.2;20.1;859.7;21.6;44.1;420.4
99;14.8;25.5;20.8;719.8;24.5;37.9;375.9
100;14.8;21.9;19.9;1099.6;22.6;42.6;401.3
101;14.8;23.0;20.6;1039.6;23.1;44.8;441.5
102;14.8;23.0;20.5;999.7;23.5;43.1;420.1
103;14.8;24.2;20.4;886.4;23.5;42.5;421.8
104;14.8;23.7;20.7;959.7;24.2;44.0;437.8
105;14.7;23.0;20.5;959.7;23.4;41.4;409.2
106;14.7;24.1;20.8;979.7;22.8;46.2;461.3
107;14.7;25.9;21.0;739.7;23.7;40.3;405.2
108;14.7;25.8;20.6;679.8;23.4;37.1;371.0
109;15.0;24.5;20.7;1019.7;22.8;50.4;503.2
110;15.0;23.9;20.5;965.1;23.8;44.9;443.5
111;15.0;24.6;20.8;899.7;23.4;44.4;439.0
112;15.0;24.3;21.2;965.1;23.7;46.5;473.2
113;15.0;23.6;20.9;1083.3;24.0;49.2;495.1
114;15.0;21.5;20.4;1240.9;21.4;46.1;445.0
115;15.0;21.5;20.0;1122.7;20.9;42.0;399.7
116;15.0;22.1;20.6;1083.3;21.3;43.4;425.2
117;14.8;23.9;21.3;1059.6;23.7;49.0;499.9
118;14.8;23.2;21.1;979.7;23.4;42.3;424.4
119;14.8;23.8;21.2;1079.6;24.2;49.5;501.6
120;15.0;21.0;20.1;1199.6;20.3;43.0;409.5
121;15.0;22.6;20.5;1059.6;21.3;43.8;426.9
122;14.8;22.0;20.5;1239.6;22.0;48.4;471.0
123;15.0;20.5;18.7;1279.6;21.2;44.2;394.9
124;15.0;22.2;20.3;1159.6;21.7;46.1;445.5
125;15.0;22.6;20.3;1199.6;21.8;49.8;479.5
126;15.0;25.5;19.1;886.4;24.8;47.2;450.0
127;15.0;23.6;19.9;1019.7;22.4;46.4;443.9
128;15.0;23.6;21.0;979.7;23.5;44.6;449.8
129;15.0;21.5;20.1;1099.6;20.8;41.5;395.5
130;15.0;24.2;21.0;919.7;22.6;43.8;440.4
131;14.9;23.2;20.1;839.7;20.5;36.7;352.6
132;14.9;22.3;20.3;1004.5;22.6;40.8;396.1
133;14.9;22.9;20.3;1059.6;20.1;45.0;433.6
134;14.9;25.7;21.2;925.7;24.1;49.9;513.1
135;14.9;24.0;20.1;1019.7;22.1;48.1;466.4
136;14.9;23.4;19.7;1019.7;21.9;44.9;418.2
137;14.9;21.9;19.5;1139.6;21.2;44.6;421.1
138;14.9;23.3;19.5;959.7;21.7;42.2;392.0
139;14.9;21.9;20.1;1119.6;22.1;44.0;425.7
140;14.9;23.5;19.5;748.5;21.7;34.8;328.2
141;14.9;23.3;19.9;827.3;22.8;36.2;345.5
142;14.9;23.1;19.4;945.4;22.0;40.9;379.9
143;14.9;23.3;19.4;759.7;20.9;33.3;310.1
144;14.8;21.5;19.2;768.2;19.4;29.6;267.3
145;14.8;22.1;18.5;1043.9;19.4;41.1;362.8
146;14.8;21.4;18.2;859.7;19.4;32.0;275.3
147;14.8;19.7;18.7;1004.6;18.9;31.8;283.3
148;14.8;20.8;17.6;1079.6;18.5;38.1;323.4
149;14.8;21.7;19.0;1039.6;18.8;39.8;358.4
150;14.8;22.3;19.1;1004.5;19.9;40.5;367.4
151;14.8;24.4;19.9;759.7;19.0;36.8;356.0
152;14.8;21.8;19.4;859.7;20.4;33.3;309.8
153;14.8;22.4;19.6;699.8;20.2;28.8;265.8
154;14.8;22.8;19.3;799.7;19.7;34.0;312.9
155;14.8;22.1;19.7;919.7;20.5;37.2;352.7
156;14.8;21.1;19.7;1039.6;21.1;38.2;361.0
157;14.8;22.4;19.9;839.7;20.6;34.1;322.9
158;14.4;21.1;18.2;959.7;18.1;35.1;305.8
159;14.4;20.1;19.0;1039.6;18.2;35.0;313.6
160;14.4;21.8;20.0;979.7;21.4;37.7;359.5
161;14.4;22.5;18.7;1139.6;21.7;46.9;424.8
162;14.4;20.9;18.7;939.7;21.8;33.6;297.8
163;14.4;21.3;18.6;939.7;20.4;34.6;305.9
164;14.4;22.7;20.2;839.7;21.9;35.7;345.8
165;14.4;20.6;19.2;1179.6;19.6;40.1;363.1
166;14.4;21.1;18.5;1159.6;18.6;41.7;364.4
167;14.4;21.6;19.4;1179.6;19.3;44.5;407.7
168;14.4;24.4;21.0;819.7;22.3;40.1;403.0
169;14.4;25.0;20.8;939.7;23.1;48.0;477.4
170;14.4;25.6;21.0;679.8;25.1;36.5;372.9
171;14.4;24.9;20.3;899.7;24.5;45.9;449.7
172;14.4;27.3;20.2;689.4;24.9;41.9;407.5
173;14.4;22.2;19.4;1099.6;20.7;44.3;406.5
174;14.4;24.6;21.0;959.7;20.7;47.1;467.5
175;14.4;22.7;20.6;959.7;24.4;41.0;408.3
176;14.4;23.6;19.6;1039.6;22.9;47.1;444.4
177;14.4;23.6;20.9;859.7;24.0;39.0;389.6
178;14.4;25.4;21.4;819.7;24.3;42.8;435.7
179;14.4;24.2;21.1;999.7;24.9;47.6;486.8
180;14.4;22.7;19.8;1119.6;23.3;47.6;455.5
181;14.4;23.1;21.9;1122.7;23.7;48.3;513.0
182;14.4;23.5;22.1;1119.6;23.8;50.5;537.8
183;14.4;23.4;21.4;1099.6;23.4;49.6;519.6
184;14.4;23.1;21.5;1039.6;21.9;45.0;460.8
185;14.4;26.8;19.4;779.7;24.3;45.7;441.1
186;13.8;24.4;15.6;719.8;18.9;35.3;266.2
187;13.8;24.6;16.6;839.7;21.0;42.5;348.8
188;13.8;24.5;15.7;619.8;20.4;31.0;247.6
189;13.8;24.6;18.2;879.7;22.2;44.1;400.4
190;13.6;25.9;23.1;1024.2;23.4;55.0;608.5
191;13.7;24.3;23.1;1199.6;24.7;57.4;625.2
192;13.7;24.9;23.2;1043.9;23.4;52.8;585.9
193;13.7;25.5;22.7;1079.6;24.3;56.6;614.4
194;13.7;24.6;23.1;1039.6;24.4;51.0;556.8
195;13.7;24.8;23.2;1139.6;24.9;57.3;639.3
196;13.8;22.2;19.5;1179.6;21.3;47.8;454.5
197;13.8;22.6;19.7;1079.6;20.0;44.8;426.3
198;13.8;23.0;19.8;1059.6;20.3;45.6;434.4
199;13.8;22.1;19.4;1181.8;21.2;47.4;448.3
200;13.8;21.7;19.7;1219.6;21.3;46.9;450.0
201;13.8;21.1;18.8;1019.7;21.3;37.3;342.1
202;13.8;23.2;19.8;1059.6;21.0;46.5;441.3
203;13.8;20.6;19.4;1159.6;20.2;40.1;376.0
204;13.8;24.9;20.9;819.7;23.0;41.2;415.6
205;13.8;24.2;21.2;859.7;22.3;40.8;417.4
206;13.8;24.3;20.3;979.7;22.6;46.7;458.3
207;13.8;23.5;21.0;979.7;22.2;43.9;442.5
208;13.5;23.5;22.2;1039.6;22.3;47.2;489.5
209;13.5;22.6;22.1;1119.6;22.8;46.3;475.9
210;13.3;22.5;19.8;1318.6;23.1;54.4;511.4
211;13.3;24.9;20.5;1279.3;23.2;63.9;615.5
212;13.3;22.2;19.6;1339.5;22.5;53.5;496.4
213;13.6;22.1;22.3;1099.6;23.3;43.7;454.1
214;13.5;25.5;23.2;1039.6;26.7;55.5;605.0
215;13.5;23.0;19.8;1059.6;22.3;45.2;429.1
216;13.5;21.6;19.6;1099.6;22.2;41.8;397.2
217;13.5;23.8;20.0;979.7;23.1;45.5;448.3
218;13.5;24.9;20.4;650.0;23.5;32.5;322.8
219;13.5;23.1;20.5;859.7;22.7;37.6;376.1
220;13.5;22.8;19.9;1059.6;22.3;45.0;434.1
221;13.5;23.1;19.8;1139.6;20.9;49.2;469.3
222;13.5;21.9;20.0;1019.7;22.5;40.0;389.8
223;13.5;22.2;19.6;1179.6;22.7;46.7;447.2
224;13.5;24.7;20.3;939.7;23.0;46.5;457.2
225;13.5;25.6;20.8;819.7;23.1;43.2;437.0
226;13.5;23.0;20.5;1039.6;22.5;44.6;442.1
227;13.5;22.2;22.1;1162.1;22.7;47.0;484.6
228;13.3;21.3;21.4;1219.6;25.2;46.8;484.8
229;13.1;23.8;20.3;1259.6;23.3;58.1;558.6
230;13.1;23.4;20.0;1139.6;22.0;50.7;480.6
231;13.1;23.8;20.4;1259.6;24.3;57.8;558.5
232;13.1;24.9;21.1;1099.6;25.8;55.9;563.1
233;13.1;23.4;20.1;1239.6;22.2;54.7;517.1
234;13.1;22.5;19.2;1159.6;21.1;48.7;448.3
235;13.1;23.5;20.1;1219.6;23.3;55.2;527.7
236;13.1;23.4;19.8;1239.6;22.7;55.1;515.7
237;13.1;22.2;19.1;1319.7;21.0;53.6;487.3
238;13.1;25.0;21.0;1099.6;24.4;55.5;549.3
239;13.1;23.9;20.3;1219.6;23.7;56.8;551.1
240;13.1;23.5;20.0;1319.6;23.9;59.6;568.4
241;13.1;24.3;20.5;1159.6;24.1;56.1;549.2
242;13.1;23.1;19.8;1199.6;21.7;52.6;496.4
243;13.0;21.6;19.2;1539.5;22.2;59.3;546.8
244;13.0;23.8;19.9;1239.9;21.9;57.4;540.8
245;13.0;22.3;19.3;1279.6;22.1;52.3;484.2
246;13.1;22.6;19.6;1162.1;20.9;48.1;443.0
247;13.1;20.5;18.5;1279.6;19.8;44.4;393.3
248;13.1;21.4;19.1;1359.1;20.6;51.1;465.2
249;13.1;20.9;18.8;1280.3;20.1;45.8;406.2
250;13.1;21.5;18.9;1179.6;19.7;44.1;391.5
251;13.1;20.6;18.9;1259.6;20.0;44.0;393.7
252;13.1;23.1;19.8;1219.6;22.4;52.8;495.7
253;13.1;23.7;20.0;1162.1;22.9;53.6;509.7
254;13.5;21.3;19.2;1181.8;20.4;43.6;405.6
255;13.5;19.5;18.6;1219.6;17.8;38.2;341.7
256;13.5;20.2;19.3;1139.6;19.5;37.7;349.2
257;13.5;19.9;18.8;1199.6;18.1;38.7;351.7
258;13.1;22.0;19.4;1319.6;22.1;52.6;490.6
259;13.1;20.9;18.6;1299.6;20.7;46.8;415.8
260;13.1;20.5;18.9;1399.5;21.1;47.9;428.9
261;13.1;21.4;18.8;1259.6;21.5;48.4;440.9
262;13.1;24.8;20.7;1159.6;24.3;58.0;567.7
263;13.1;22.7;19.9;1319.6;22.3;55.0;516.9
264;13.1;21.8;19.4;1239.6;20.5;47.7;434.8
265;13.1;21.9;19.2;1259.6;22.1;49.1;447.1
266;13.1;23.5;20.0;1179.6;22.5;53.1;502.9
267;13.1;21.8;19.0;1260.6;20.1;48.8;435.8
268;13.1;21.3;18.7;1122.7;19.7;41.8;370.1
269;13.1;22.0;19.2;1159.6;19.9;45.5;411.9
270;13.4;22.1;18.9;979.7;20.0;38.9;343.4
271;13.4;22.5;19.3;1059.6;21.5;43.4;391.7
272;13.4;22.6;19.6;1122.7;22.3;47.8;446.1
273;13.4;23.2;19.7;959.7;22.5;42.4;394.8
274;13.4;22.5;19.4;999.7;20.4;41.2;375.0
275;13.0;21.4;19.1;1259.6;20.8;47.2;426.0
276;13.0;21.8;19.0;1179.6;18.8;45.8;408.8
277;13.0;20.9;18.7;1239.6;19.8;44.2;391.5
278;13.0;22.2;18.9;1159.6;20.2;46.8;416.4
279;13.0;21.1;18.5;1179.6;19.7;43.8;390.2
280;13.0;19.7;17.9;1259.6;17.3;40.7;346.6
281;13.0;20.8;18.3;1221.2;17.5;43.1;373.4
282;13.0;22.6;18.4;1019.7;19.6;43.0;375.4
283;13.0;19.9;18.3;1240.9;18.9;40.8;355.0
284;13.0;20.5;18.5;1239.6;19.0;42.4;369.5
285;13.0;22.7;19.6;1339.5;21.9;55.9;516.5
286;13.0;20.5;18.8;1239.6;20.4;42.7;379.2
287;13.0;20.1;18.4;1299.6;19.4;43.3;377.0
288;13.0;20.7;18.9;1299.6;21.8;46.1;417.3
289;13.4;22.2;19.6;984.8;22.2;39.9;377.2
290;13.4;21.6;19.8;1159.6;22.1;44.4;428.4
291;13.4;25.3;19.3;659.8;22.6;35.5;339.9
292;13.4;22.4;19.6;979.7;23.0;41.2;395.4
293;13.4;21.2;18.5;1099.6;18.6;41.3;368.5
294;13.4;20.5;19.0;1139.6;19.7;39.5;363.9
295;13.4;20.8;19.0;1239.6;20.5;44.4;412.3
296;13.4;22.4;19.2;959.7;20.7;39.7;367.1
297;13.4;23.6;19.1;899.7;21.9;42.0;394.3
298;13.4;23.9;20.3;919.7;21.4;42.3;415.3
299;13.3;18.7;17.7;1159.6;19.1;33.5;280.1
300;13.3;22.2;17.9;999.7;18.9;40.6;337.4
301;13.3;18.9;17.6;1159.2;18.9;34.3;286.9
302;13.3;21.3;18.3;906.0;19.7;33.9;290.5
303;13.3;21.9;18.1;1059.6;20.4;42.5;366.1
304;12.9;21.6;18.9;1239.6;21.5;48.7;440.8
305;12.9;21.0;18.7;1299.6;20.6;46.8;412.7
306;12.9;23.4;19.5;1179.6;22.7;53.4;497.6
307;12.9;22.1;19.0;1179.6;21.0;47.2;423.4
308;12.9;22.3;19.1;1419.5;22.3;57.8;525.7
309;12.9;21.8;18.8;1239.6;21.2;48.4;431.9
310;12.9;22.9;19.2;1119.6;22.4;48.1;438.7
311;12.9;21.6;18.7;1299.6;22.4;51.3;464.5
312;12.8;19.4;17.7;1359.5;18.7;42.7;360.1
313;12.8;21.3;18.4;1259.6;20.8;47.9;424.4
314;12.8;21.1;18.5;1179.6;20.3;42.8;373.8
315;12.8;20.6;18.2;1419.5;20.4;49.4;424.1
316;12.8;21.5;18.7;1279.6;21.5;48.8;435.0
317;12.8;23.0;19.3;1119.6;21.5;49.0;446.6
318;13.3;23.1;21.6;1119.6;22.5;48.3;489.5
319;12.6;18.9;17.1;1159.6;19.4;34.2;279.3
320;12.6;17.9;16.6;1279.6;19.4;34.3;270.5
321;12.6;18.5;17.5;1399.5;18.7;39.0;322.4
322;12.6;19.8;16.9;1099.6;19.1;35.3;281.0
323;12.7;20.8;16.6;1039.6;20.2;36.8;294.5
324;12.7;23.1;17.3;1039.6;20.0;46.4;388.7
325;12.7;22.8;17.1;979.7;15.5;42.5;348.0
326;12.7;22.1;18.2;759.7;20.2;30.7;268.1
327;12.7;22.8;18.5;779.7;20.2;33.3;293.4
328;12.7;27.1;18.3;689.4;21.5;41.5;359.6
329;12.7;25.0;19.0;799.7;22.8;40.4;361.1
330;12.7;24.0;19.1;839.7;21.6;38.8;349.4
331;12.7;23.8;17.9;787.9;22.1;36.6;319.3
332;12.7;20.8;18.2;1019.7;20.6;36.2;312.6
333;12.7;22.0;17.5;1043.9;21.0;41.2;342.9
334;12.7;24.4;17.6;728.8;21.2;35.1;291.3
335;12.7;23.4;17.5;859.7;21.1;38.5;318.9
336;12.7;23.6;18.7;886.4;21.1;39.8;351.8
337;12.7;20.7;16.1;1099.6;18.7;38.7;294.3
338;12.7;20.7;14.8;999.7;18.4;35.2;249.9
339;12.7;20.8;16.4;1119.6;19.9;39.9;314.0
340;12.7;20.2;17.2;1079.6;19.7;36.0;289.6
341;12.7;22.9;16.4;879.7;19.1;37.8;293.9
342;12.7;20.0;15.3;1099.6;19.0;36.1;262.0
343;12.7;20.6;15.2;1019.7;19.4;35.7;260.1
344;12.7;20.1;15.1;1199.6;19.4;40.2;286.5
345;12.7;21.1;14.9;999.7;18.5;36.1;260.7
346;12.6;18.4;17.5;1201.5;17.5;33.4;276.5
347;12.6;18.3;17.5;1339.4;18.5;37.0;306.7
348;12.6;19.3;17.6;1319.6;18.6;40.7;339.1
349;12.6;18.4;17.6;1457.6;19.5;40.8;342.3
350;12.6;20.3;17.3;1339.5;19.8;45.5;375.8
351;12.6;18.7;17.6;1280.3;17.9;36.7;304.0
352;12.6;20.7;17.3;1259.6;20.1;44.4;368.2
353;12.4;18.8;16.3;1119.6;19.1;32.6;251.1
354;12.4;18.8;16.6;959.7;18.8;28.3;223.1
355;12.4;18.5;16.0;1219.6;18.9;34.7;263.0
356;12.4;18.9;17.4;1179.6;19.8;35.2;293.2
357;12.4;19.2;17.5;1260.6;19.2;38.1;315.8
358;12.4;16.9;17.3;1359.1;18.4;32.1;263.2
359;12.4;18.8;17.8;1299.6;18.9;37.5;313.5
360;12.4;19.3;17.1;1300.0;17.6;40.0;324.2
361;12.4;18.9;16.6;1159.6;19.3;34.3;268.3
362;12.4;17.9;17.6;1339.5;18.8;35.1;291.5
363;12.4;17.0;17.3;1083.3;19.4;25.8;212.8
364;12.4;17.6;17.3;1119.6;17.7;28.4;231.9
365;12.4;19.9;17.4;879.7;19.2;28.7;237.8
366;12.4;20.3;17.3;1019.7;20.5;34.7;283.8
367;12.4;19.9;17.4;1079.6;19.7;35.7;298.2
368;12.4;19.5;17.2;999.7;19.6;32.0;259.5
369;12.4;18.8;17.4;999.7;18.8;29.4;244.2
370;10.9;19.2;17.2;1459.5;19.2;44.7;361.6
371;10.9;15.9;17.2;1439.5;22.6;30.3;249.2
372;10.9;21.8;17.0;979.7;21.2;38.2;304.1
373;10.9;19.7;15.6;1379.5;20.2;44.0;325.0
374;14.4;22.0;21.9;1159.6;22.5;45.4;478.9
375;14.4;23.4;21.8;1019.7;22.2;45.3;474.6
376;14.4;22.3;21.8;1119.6;21.8;44.9;470.3
377;14.4;22.5;21.9;1260.6;23.2;52.3;554.1
378;14.4;23.4;22.5;1099.6;25.4;48.8;530.0
379;11.1;20.4;17.4;1279.6;19.9;44.3;362.2
380;11.3;21.9;17.7;1099.6;19.3;43.5;360.5
381;11.3;20.7;16.6;1079.6;19.2;38.4;294.2
382;11.2;19.6;16.5;999.7;17.6;32.1;245.8
383;11.2;20.3;15.9;1004.5;19.3;34.2;257.5
384;11.3;21.8;17.4;1079.6;21.7;42.2;347.2
385;11.3;22.6;17.1;1199.6;21.0;50.3;408.9
386;11.3;23.1;16.1;1179.6;20.8;52.6;399.5
387;11.3;22.1;17.8;1019.7;22.1;41.1;348.3
388;10.9;19.6;17.1;1079.6;19.1;35.1;289.1
389;10.9;19.5;17.5;1221.2;19.6;38.4;318.5
390;10.9;18.2;16.9;1201.5;19.4;33.6;274.1
391;11.4;20.9;18.0;1063.6;18.2;38.2;319.1
392;11.4;21.1;18.6;1339.5;21.7;48.8;424.2
393;11.4;21.6;18.8;1399.5;22.8;52.6;459.0
394;11.4;21.7;17.8;1199.6;20.5;45.8;374.3
395;11.4;21.7;17.9;1079.6;20.2;41.8;345.8
396;11.5;21.3;18.0;1259.6;19.6;47.0;396.1
397;11.4;21.1;16.4;1119.6;19.0;40.3;304.4
398;11.4;22.1;16.9;979.7;19.9;38.9;313.2
399;11.2;19.6;15.7;965.1;15.7;30.0;217.1
400;11.4;20.7;16.6;1079.6;19.2;37.7;294.8
401;11.4;21.0;16.8;1139.6;20.5;40.6;319.9
402;11.4;20.7;17.4;1199.6;18.5;41.7;335.3
403;11.4;17.9;16.3;1299.6;18.3;34.2;255.2
404;11.4;20.1;15.4;1221.2;18.2;40.6;294.9
405;11.2;18.2;17.1;1477.3;18.1;39.9;318.4
406;11.2;19.4;17.5;1319.6;20.0;41.1;333.5
407;11.4;20.6;18.6;1519.5;21.3;52.4;454.5
408;11.1;20.7;15.7;559.8;15.7;20.4;148.8
409;11.2;23.9;15.4;827.3;19.7;39.6;280.0
410;11.1;20.2;17.4;1159.2;19.1;38.8;314.1
411;11.1;20.8;17.7;899.7;21.5;32.9;277.8
412;11.3;20.6;18.1;1221.2;21.1;42.5;357.6
413;11.1;21.5;17.0;1179.6;18.8;44.1;348.0
414;11.1;22.2;16.0;1139.6;20.4;46.5;355.5
415;11.1;19.1;15.3;1299.6;19.7;39.4;289.6
416;11.2;20.5;17.0;1259.6;18.7;43.5;349.5
417;11.1;20.7;16.7;1319.6;19.2;45.8;357.6
418;11.2;18.7;15.6;768.2;17.5;22.1;159.5
419;11.0;20.4;13.0;859.7;16.7;30.5;195.0
420;11.3;21.3;18.5;1359.5;19.9;50.2;431.7
421;11.3;21.4;18.3;1259.6;19.3;47.2;403.9
422;11.3;20.4;17.7;1439.5;22.4;49.5;415.6
423;11.3;21.1;18.7;1359.5;20.3;49.5;427.6
424;11.3;21.3;17.4;1359.5;19.8;50.9;411.4
425;11.3;20.4;18.3;1279.6;18.9;43.3;366.7
426;11.3;21.1;18.5;1299.6;19.3;47.1;404.4
427;11.3;20.6;18.5;1319.6;19.9;45.8;392.3
428;11.3;21.0;18.4;1239.6;20.0;44.3;380.1
429;11.3;19.8;17.8;1378.8;19.1;44.3;370.8
430;11.4;21.6;16.5;1219.6;19.9;46.5;348.0
431;11.4;19.0;15.2;1439.5;18.5;42.9;293.8
432;11.4;20.0;16.0;1039.6;19.3;34.3;257.7
433;11.4;22.2;14.2;1039.6;18.5;41.8;281.2
434;11.4;22.6;15.9;1079.6;18.7;44.6;332.0
435;10.9;16.7;16.4;1299.6;19.0;30.9;246.4
436;10.9;20.2;16.4;1199.6;18.5;40.9;314.8
437;10.9;16.8;16.9;1419.5;19.8;33.3;267.7
438;10.9;19.5;15.9;1299.6;18.9;40.9;306.5
439;10.9;16.4;16.7;1459.5;18.1;32.8;260.6
440;10.9;21.5;18.4;1159.6;19.5;45.1;390.8
441;10.9;21.3;18.6;1159.6;20.8;42.9;374.7
442;10.9;19.6;17.9;1239.6;19.4;39.6;330.6
443;10.9;20.0;17.9;1259.6;20.8;41.1;344.1
444;10.9;21.6;18.6;1199.6;20.2;46.0;399.9
445;10.9;19.9;17.8;1240.9;20.3;41.5;347.7
446;10.9;19.7;17.4;1299.6;21.0;42.3;350.3
447;10.9;19.7;17.8;1217.1;19.9;38.9;324.3
448;10.9;20.6;18.5;1004.5;21.3;35.1;305.4
449;10.9;21.2;14.1;1079.6;17.8;40.3;275.3
450;10.8;21.2;17.9;1319.6;18.6;48.6;405.3
451;10.8;21.2;18.3;1499.5;19.5;54.3;458.9
452;10.8;18.0;17.2;1659.4;18.1;44.8;361.8
453;10.8;19.8;17.9;1559.5;19.2;49.4;410.7
454;10.8;18.9;17.5;1499.5;18.5;43.5;354.4
455;10.8;17.7;17.0;1619.4;17.1;41.2;323.3
456;10.8;18.3;17.1;1499.5;17.2;41.1;326.9
457;10.8;18.5;17.2;1599.5;16.5;44.6;354.2
458;10.8;19.4;17.7;1619.4;19.7;49.9;414.8
459;10.8;20.7;18.2;1539.5;19.8;53.4;450.5
460;10.8;19.4;17.7;1659.4;19.5;51.1;423.7
461;10.8;21.0;18.3;1299.6;20.1;46.5;394.9
462;10.8;20.5;18.1;1378.8;20.1;46.7;392.0
463;10.8;19.2;17.6;1539.5;17.9;46.0;375.1
464;10.8;20.3;18.0;1479.5;19.7;49.1;410.7
465;10.8;19.6;17.8;1559.5;19.9;48.8;406.9
466;10.8;20.5;18.1;1479.5;19.9;50.7;427.1
467;10.8;20.9;18.2;1379.5;19.6;48.7;409.5
468;10.8;20.0;17.9;1519.5;20.4;48.8;407.6
469;10.8;20.7;18.1;1599.5;19.8;55.3;464.1
470;10.8;20.3;18.1;1519.5;19.8;50.4;422.7
471;10.8;21.1;18.5;1519.5;21.4;54.3;468.5
472;10.8;19.5;17.5;1479.5;19.2;46.3;380.3
473;10.8;20.0;17.9;1559.5;20.0;50.6;422.4
474;10.8;20.3;18.0;1559.5;19.2;51.6;429.4
475;10.8;20.7;18.1;1439.5;19.2;50.1;420.4
476;10.8;20.8;18.2;1539.5;20.2;54.1;457.0
477;10.8;19.5;17.5;1679.4;18.5;52.4;427.5
478;10.8;19.4;17.6;1619.4;18.4;49.1;401.0
479;10.8;19.5;17.6;1539.5;19.6;47.3;389.2
480;10.8;19.8;17.8;1599.5;19.1;50.6;418.2
481;10.8;19.9;17.8;1579.5;18.7;50.2;413.6
482;10.8;19.3;17.6;1539.5;18.6;46.8;384.5
483;10.8;20.1;17.8;1519.5;19.3;49.7;411.4
484;10.8;24.6;22.5;919.7;24.6;45.6;483.0
485;10.8;22.7;22.2;959.7;24.0;39.9;415.1
486;10.8;23.9;21.5;919.7;24.9;43.5;453.9
487;10.8;23.3;22.1;939.7;24.1;41.7;436.0
488;10.7;21.2;15.8;1359.5;17.8;49.9;377.8
489;10.8;20.8;18.2;1499.5;20.2;52.9;448.8
490;10.8;22.3;18.3;1259.6;19.0;50.6;429.4
491;10.8;22.0;18.3;1359.5;19.4;53.3;451.2
492;10.7;21.9;16.3;1439.5;19.4;55.7;429.7
493;10.7;20.2;15.7;1639.4;19.9;54.2;409.0
494;10.8;21.3;15.2;1119.6;20.6;41.5;296.2
495;10.8;21.2;15.7;1179.6;21.2;43.5;313.6
496;10.8;20.4;15.4;1239.6;19.6;42.1;308.3
497;10.8;21.4;16.5;1179.6;19.8;43.8;335.4
498;10.8;21.2;16.5;1199.6;19.3;43.6;334.7
499;10.7;18.3;14.5;1083.3;18.9;29.7;206.1
500;10.8;18.9;16.4;1239.6;18.5;36.7;283.6
501;10.8;19.9;15.0;1139.6;19.2;37.1;266.1
502;10.7;18.1;17.5;999.7;20.8;27.2;225.8
503;10.7;20.7;17.6;1199.6;21.8;42.4;350.0
504;10.8;20.6;15.9;919.7;20.6;32.4;240.5
505;10.8;19.0;16.4;1159.6;18.0;34.6;265.2
506;10.7;18.8;17.4;1181.8;19.9;34.6;282.2
507;11.1;21.3;17.0;1221.2;21.2;45.4;359.1
508;11.1;22.2;18.4;1299.6;21.0;51.2;436.4
509;11.1;22.0;15.7;1259.6;22.0;50.0;364.4
510;11.1;22.6;17.4;1099.6;21.8;46.2;374.0
511;11.1;21.4;17.1;1379.5;21.4;51.4;404.8
512;11.0;21.5;18.5;1439.5;21.3;54.5;469.2
513;11.0;20.9;18.1;1240.9;20.6;44.3;376.6
514;11.0;21.1;18.7;1379.5;21.8;49.7;432.8
515;11.0;21.7;16.4;1199.6;21.1;46.2;356.5
516;11.0;22.3;15.1;1099.6;20.0;44.2;317.2
517;11.0;21.6;16.7;1219.6;20.6;46.1;359.7
518;11.0;20.2;17.8;1159.6;19.6;38.4;318.1
519;11.0;19.4;18.1;1359.5;20.3;41.3;347.1
520;11.0;20.8;17.3;1359.5;19.4;47.4;380.2
521;11.1;21.2;18.9;1359.5;20.4;50.2;440.3
522;11.1;22.3;17.5;1239.6;20.3;50.5;411.2
523;11.1;20.1;16.7;1419.5;19.5;47.2;358.2
524;11.0;21.0;17.5;1179.6;19.7;42.4;345.4
525;11.0;21.2;16.9;1259.6;20.3;46.4;364.3
526;11.0;23.0;16.2;1162.1;21.3;49.9;384.5
527;11.0;21.2;15.7;1239.6;19.2;45.2;337.9
528;11.1;20.2;17.7;1079.6;20.2;35.8;297.7
529;11.1;19.8;18.1;1379.5;20.5;44.3;373.1
530;11.1;19.8;18.1;1279.6;19.6;40.5;339.6
531;10.6;17.9;16.3;1379.5;18.6;36.4;278.6
532;10.6;18.7;16.4;1539.5;18.9;44.0;334.2
533;10.6;19.5;17.0;1437.9;20.0;45.1;361.7
534;10.7;16.5;14.4;1634.8;17.7;36.9;255.2
535;10.7;18.9;15.1;1559.5;17.0;45.5;325.0
536;10.6;22.2;17.4;1079.6;20.3;43.9;358.3
537;11.0;21.8;18.2;1099.6;22.1;42.4;359.5
538;11.0;19.0;18.2;1499.5;20.7;44.2;372.4
539;11.1;22.1;15.5;919.7;18.9;37.6;276.5
540;11.1;20.9;15.1;939.7;20.3;34.4;249.6
541;11.1;20.1;16.9;1219.6;19.1;40.4;320.0
542;11.0;19.9;18.4;1379.5;20.7;44.8;388.2
543;11.0;21.3;18.9;1219.6;21.9;45.3;400.5
544;11.0;20.3;18.3;1339.5;20.9;45.3;387.7
545;11.0;21.2;19.1;1359.5;20.7;49.3;437.4
546;11.0;19.7;18.5;1539.5;20.2;48.5;415.4
547;11.0;21.7;18.0;1199.6;21.1;45.6;382.7
548;11.0;20.3;18.2;1391.0;20.9;47.5;409.3
549;11.0;21.0;18.1;1280.3;21.3;46.1;392.3
550;11.0;23.2;16.5;959.7;20.6;41.9;322.7
551;11.0;20.7;18.0;1339.5;19.6;46.6;391.9
552;11.0;21.0;17.3;1219.6;20.4;43.7;356.6
553;11.0;20.9;16.5;1239.6;22.3;44.7;357.3
554;11.0;21.9;16.8;1199.6;20.8;47.3;373.6
555;10.9;25.6;22.3;699.8;24.6;38.1;396.6
556;10.9;27.1;23.8;650.0;26.2;39.2;434.5
557;10.9;20.3;17.9;1279.6;21.0;42.9;359.4
558;11.0;22.1;17.8;1059.6;20.4;41.9;352.3
559;11.0;20.0;17.5;1333.0;19.8;44.6;372.2
560;11.0;21.0;18.5;1259.6;20.2;45.2;386.7
561;10.9;19.6;18.0;1217.1;20.5;38.6;325.3
562;10.9;20.4;17.9;1419.5;20.7;47.9;399.8
563;10.9;26.2;22.0;659.8;23.8;37.1;383.2
564;10.9;19.9;18.3;1339.5;18.4;42.9;360.0
565;10.9;21.4;17.8;1179.6;18.7;44.5;372.5
566;10.9;19.4;17.0;1556.0;19.5;48.6;393.6
567;10.9;18.1;18.0;1747.2;18.8;46.7;391.7
568;10.9;20.3;18.2;1496.9;18.6;50.5;423.5
569;10.9;19.4;17.8;1477.3;18.9;45.1;374.3
570;10.9;19.8;17.6;1300.0;18.6;41.3;336.3
571;10.9;20.9;17.6;1459.5;19.7;51.7;422.5
572;10.9;21.1;18.8;1099.6;19.9;40.2;352.4
573;10.9;20.6;18.3;1419.5;19.5;49.2;418.4
574;10.9;21.2;18.2;1319.6;19.2;47.8;401.0
575;10.9;19.2;16.4;1275.1;18.9;38.6;297.2
576;10.9;22.0;18.2;1319.6;19.9;50.9;427.5
577;10.9;21.9;17.3;979.7;20.3;38.3;303.9
578;10.9;21.1;16.0;1259.6;20.9;46.0;356.1
579;10.9;19.6;17.2;1379.5;19.7;43.4;343.2
580;10.9;19.4;16.3;1339.5;19.1;41.8;326.1
581;10.9;18.7;16.5;1379.5;19.2;39.4;302.0
582;10.9;20.2;16.8;1043.9;18.6;34.6;269.1
583;10.9;21.5;16.5;1079.6;18.9;40.1;306.6
584;10.9;21.3;17.1;1219.6;19.4;44.6;350.6
585;10.9;21.6;16.2;1201.5;20.3;45.7;354.2
586;10.9;20.9;17.2;979.7;20.0;35.5;287.9
587;10.9;20.8;17.8;1099.6;19.2;38.1;310.4
588;10.9;19.3;16.0;1599.5;19.9;48.7;363.2
589;10.6;21.6;17.5;899.7;19.4;35.0;289.0
590;10.6;19.3;16.2;1139.6;19.8;35.0;268.2
591;10.6;20.9;17.1;1199.6;20.1;42.8;342.9
592;10.9;21.2;17.0;1259.6;20.7;46.2;369.7
593;10.9;19.6;16.8;1459.5;18.2;45.2;351.6
594;10.9;20.6;16.2;1063.6;20.1;37.1;283.3
595;10.9;22.0;20.0;1279.6;20.9;50.4;465.4
596;10.9;19.9;19.6;1439.5;21.7;46.8;428.7
597;11.0;21.4;16.1;1279.6;21.4;49.2;373.8
598;11.1;19.0;16.6;1479.5;19.1;43.8;338.3
599;10.6;20.0;17.8;1599.5;20.0;52.3;423.5
600;11.0;19.3;17.1;1319.6;17.8;40.3;321.6
601;10.6;21.5;13.5;728.8;16.7;28.4;185.3
602;10.6;20.4;15.8;1300.0;19.7;44.1;320.4
603;10.6;22.7;17.2;759.7;20.4;32.4;264.4
604;10.9;19.2;17.7;1439.5;19.9;43.1;355.0
605;10.9;16.9;15.9;1634.8;18.9;37.9;281.0
606;10.7;20.9;17.3;1004.5;18.0;36.3;292.7
607;10.7;18.6;16.7;714.8;18.5;20.3;158.7
608;10.6;20.0;17.3;1239.6;18.5;40.4;324.7
609;10.6;19.5;16.7;1410.3;19.9;44.0;345.2
610;10.6;20.7;16.2;1378.8;20.2;48.1;363.6
611;10.6;20.7;16.9;1439.5;20.2;50.4;402.8
612;10.6;21.6;17.4;1240.9;19.4;48.4;394.6
613;10.6;20.8;17.4;1259.6;20.3;45.4;375.9
614;10.8;20.6;17.2;1279.6;19.5;44.1;350.5
615;10.8;20.0;17.8;1319.6;19.5;42.9;352.3
616;10.8;19.6;17.8;1418.2;19.3;44.2;364.4
617;10.6;19.6;16.8;1236.5;18.0;40.1;317.9
618;10.6;22.6;17.8;1159.6;21.0;48.3;402.9
619;10.6;22.9;16.9;1043.9;19.7;46.3;370.7
620;10.6;20.2;16.8;1319.7;20.8;43.7;341.4
621;10.6;18.8;16.4;1391.0;19.7;40.1;310.2
622;10.6;22.1;16.8;939.7;17.4;37.6;295.0
623;10.6;19.7;16.8;1359.1;17.3;43.5;340.7
624;10.8;19.3;17.2;1536.3;18.4;46.3;371.2
625;10.8;20.8;15.9;1516.6;19.7;53.7;398.0
626;10.8;20.5;17.7;1260.6;20.0;42.9;352.7
627;10.8;20.9;17.6;1399.5;20.9;50.7;418.7
628;10.8;20.7;17.6;1499.5;20.9;53.4;444.9
629;10.8;19.4;17.9;1479.5;18.5;45.0;371.4
630;10.6;17.0;16.4;1556.0;16.5;36.6;279.6
631;10.6;20.0;15.3;1359.5;19.8;45.0;320.1
632;10.5;21.0;16.1;1221.2;19.5;44.7;333.6
633;10.5;22.5;17.0;1099.6;19.0;45.4;358.3
634;10.6;20.5;16.4;1260.6;18.0;44.5;344.5
635;10.6;20.3;16.8;1418.2;18.6;48.2;381.0
636;10.6;19.9;16.3;1299.6;19.6;44.2;345.3
637;10.6;19.2;16.4;1477.3;20.2;44.9;347.5
638;10.6;22.1;16.6;779.7;19.8;32.0;251.3
639;10.6;19.9;16.0;1162.1;19.5;38.2;285.1
640;10.6;19.0;16.4;1439.5;16.5;42.9;324.8
641;10.6;19.8;15.8;1319.7;18.7;42.3;308.0
642;10.6;21.8;16.2;1043.9;17.6;40.6;304.9
643;10.6;19.9;16.4;1139.6;17.9;36.4;277.2
644;10.6;18.4;16.8;1319.6;17.7;36.2;283.4
645;10.6;22.1;16.4;979.7;18.3;38.8;296.6
646;10.5;18.8;14.9;1279.6;20.1;37.5;268.4
647;10.5;21.1;15.0;1139.6;19.3;41.9;295.8
648;10.5;20.0;16.7;1398.5;17.2;46.1;360.2
649;10.6;18.8;16.2;1339.5;19.7;41.0;320.2
650;10.7;20.0;14.9;1465.4;17.3;48.0;330.5
651;10.7;20.3;15.5;1099.6;18.6;37.5;274.0
652;10.6;21.5;17.2;1240.9;20.1;47.0;378.0
653;10.6;21.8;15.5;939.7;18.7;36.8;266.5
654;10.6;21.6;17.2;1379.5;20.8;53.2;434.6
655;10.6;19.3;17.1;1339.5;18.2;41.2;329.7
656;10.6;19.7;16.7;1499.5;21.1;47.8;376.3
657;10.6;22.2;16.9;1039.6;20.9;44.0;353.8
658;10.6;21.0;16.9;1339.5;19.0;47.9;377.3
659;10.6;18.8;16.7;1300.0;18.4;37.9;296.2
660;10.6;19.1;16.2;1359.1;19.1;40.6;308.3
661;10.4;18.4;16.0;1419.5;15.7;38.9;291.1
662;10.4;19.2;16.4;1279.6;17.9;38.5;299.4
663;10.4;19.8;16.6;1519.5;17.9;48.4;377.2
664;10.4;19.4;16.4;1599.5;17.9;48.8;378.4
665;10.4;18.5;16.1;1679.4;16.8;47.5;363.0
666;10.4;19.5;16.8;1579.5;19.9;48.7;388.6
667;10.4;18.9;16.4;1399.5;18.5;41.3;322.7
668;10.4;18.5;16.4;1679.4;18.4;47.2;366.4
669;10.3;16.7;14.4;1439.5;16.1;33.4;231.3
670;10.3;17.9;14.5;1419.5;16.4;37.4;260.5
671;10.3;16.7;13.7;1479.5;14.5;33.9;221.8
672;10.3;14.9;13.2;1379.5;13.9;26.1;167.5
673;10.3;15.1;13.6;1659.4;15.1;31.3;203.9
674;10.3;19.2;15.3;1418.2;18.2;42.8;314.0
675;10.3;17.5;14.4;1719.4;15.9;43.4;296.6
676;10.3;16.6;14.1;1639.4;14.5;37.3;249.9
677;10.3;17.3;14.4;1459.5;15.5;36.1;248.0
678;10.6;17.6;15.4;879.7;14.9;23.8;173.2
679;10.7;20.4;13.8;1181.8;18.1;40.6;270.3
680;10.7;20.2;13.4;1142.4;19.4;38.8;252.9
681;10.7;20.8;14.4;1142.4;18.5;40.2;277.4
682;10.7;19.3;14.5;1279.6;18.4;39.2;267.2
683;10.7;18.7;16.4;1399.5;18.4;40.2;308.4
684;10.7;19.6;16.3;1059.6;18.8;33.6;256.3
685;10.4;21.3;17.1;1279.6;18.8;47.3;382.0
686;10.4;16.9;15.7;1739.4;17.0;41.2;308.8
687;10.4;20.3;16.7;1439.5;19.9;48.4;385.0
688;10.7;20.4;14.9;1119.6;17.9;37.9;264.5
689;9.0;18.5;15.3;1419.5;18.8;39.8;291.0
690;9.0;17.0;14.6;1654.5;15.9;39.2;278.1
691;9.0;18.1;14.6;1379.5;14.6;37.6;265.7
692;9.1;18.5;12.6;1219.6;15.8;34.4;219.4
693;9.1;19.3;12.8;1039.6;17.6;31.9;204.4
694;9.1;18.3;13.1;1139.6;16.2;31.2;201.9
695;9.1;17.9;13.5;1359.1;15.7;35.7;235.6
696;8.9;17.0;10.7;1119.6;13.7;27.1;152.0
697;8.9;16.8;13.3;1319.7;16.3;30.3;196.6
698;8.7;20.1;16.1;1359.5;16.9;46.0;362.8
699;8.7;20.1;16.1;1159.6;17.5;39.4;308.1
700;8.7;18.9;16.1;1279.6;18.8;38.1;300.6
701;8.7;19.8;16.3;1359.5;18.3;44.3;352.2
702;8.7;18.5;15.8;1379.5;17.3;39.6;307.4
703;8.7;19.1;15.9;1339.5;17.7;39.9;304.9
704;8.7;17.7;15.3;1519.5;17.0;39.6;294.9
705;8.8;17.9;15.1;1339.5;16.9;35.9;265.4
706;8.7;19.2;16.1;1359.5;18.1;41.6;327.8
707;8.7;17.2;15.6;1659.4;16.9;39.8;298.6
708;8.8;18.9;15.3;1339.5;17.2;39.3;289.6
709;8.8;18.9;15.3;1399.5;18.5;41.4;310.4
710;8.3;18.4;15.8;1459.5;17.0;41.0;316.2
711;9.1;16.9;10.3;1219.6;13.7;29.3;151.7
712;7.4;15.3;11.5;1680.8;14.8;32.6;184.6
713;7.4;15.3;12.0;1796.7;14.1;35.1;207.7
714;7.4;15.7;12.2;1539.5;14.7;31.7;193.4
715;7.4;16.3;12.7;1260.6;14.5;28.2;179.5
716;7.4;14.2;11.0;1398.5;13.3;23.8;131.6
717;7.4;17.0;12.2;1418.2;15.2;34.1;205.0
718;7.4;16.1;12.4;1487.6;14.3;32.0;194.4
719;7.4;15.4;11.9;1371.7;14.2;27.2;159.7
720;7.4;16.4;12.2;1221.2;13.7;28.1;158.3
721;7.4;14.7;11.8;1300.0;12.1;23.1;134.5
722;7.3;16.4;12.6;1654.5;14.2;36.9;229.7
723;7.3;14.7;11.1;1659.4;13.3;29.2;160.3
724;7.3;16.3;11.4;1379.5;13.6;29.8;167.6
725;7.3;15.3;12.3;1539.5;13.9;29.9;182.6
726;7.3;15.2;12.3;1477.3;13.3;28.0;168.8
727;7.3;14.3;11.6;1418.2;12.0;24.2;140.2
728;7.3;16.9;12.7;1487.6;14.6;34.5;213.3
729;7.3;14.8;12.2;1619.4;12.2;28.9;171.3
730;7.3;18.0;12.8;1519.5;14.6;39.9;248.2
731;7.3;17.1;12.8;1339.4;14.7;31.9;198.3
732;7.3;16.4;11.8;1579.5;13.8;35.0;204.3
733;7.3;17.1;11.9;1359.5;14.0;32.9;190.7
734;7.3;12.9;11.2;1339.5;12.4;19.3;112.3
735;7.3;15.0;12.2;1584.2;13.7;29.4;177.8
736;7.3;14.9;12.1;1339.4;12.4;24.2;142.3
737;7.3;15.3;11.9;1599.5;13.6;30.3;175.7
738;7.3;17.4;12.5;1459.5;14.4;36.4;224.9
739;7.2;17.8;12.8;1539.5;14.3;39.2;243.7
740;7.2;16.1;12.4;1181.8;14.6;25.3;154.6
741;7.2;16.5;12.5;1659.4;14.3;36.3;220.8
742;7.2;14.7;12.1;2028.6;13.6;36.3;217.9
743;7.2;16.3;11.9;1437.9;13.4;31.0;181.1
744;7.2;15.3;11.5;1599.5;14.0;30.9;175.6
745;7.2;16.6;12.7;1468.3;14.8;33.2;207.9
746;7.2;15.2;12.3;1851.5;14.6;35.4;217.2
747;7.2;15.6;10.6;1536.3;13.0;30.1;156.1
748;7.2;16.4;12.2;1378.8;13.2;29.8;176.9
749;7.2;14.9;10.4;1496.9;13.0;26.9;136.8
750;7.2;15.2;11.9;1419.5;12.9;27.1;157.4
751;7.2;15.9;11.6;1479.5;13.9;30.9;178.7
752;7.2;16.2;11.0;1398.5;13.7;29.8;160.0
753;7.2;15.8;12.3;1457.6;13.1;29.4;177.3
754;6.9;17.6;13.6;1479.5;14.4;37.2;246.7
755;6.9;16.9;13.3;1379.5;14.0;31.9;208.3
756;6.9;17.1;13.6;1339.5;16.2;32.1;216.0
757;6.9;18.4;13.9;1479.5;16.0;40.5;274.5
758;6.9;17.2;13.3;1599.5;14.2;38.2;249.0
759;6.9;16.0;12.7;1516.6;13.6;32.1;205.0
760;7.1;15.1;11.4;1378.8;13.0;26.4;148.8
761;7.1;14.9;11.7;1642.2;13.8;29.6;168.4
762;7.1;15.8;11.9;1339.5;12.5;27.4;159.0
763;7.1;15.9;12.2;1584.2;14.0;32.7;195.0
764;7.1;16.3;11.8;1579.5;13.6;33.8;194.7
765;7.1;15.5;10.7;1536.3;13.3;29.8;155.6
766;7.1;16.3;12.2;1457.6;13.3;31.7;188.8
767;7.1;16.7;11.5;1239.6;13.2;28.0;155.6
768;7.1;15.6;10.5;1378.8;13.4;27.1;137.7
769;7.0;14.1;9.6;1437.9;10.7;23.9;116.8
770;7.0;14.8;11.8;1339.5;13.2;24.5;145.4
771;7.0;13.5;11.4;1446.6;12.6;22.1;126.5
772;7.0;16.6;12.6;1279.6;14.9;29.4;184.8
773;7.0;16.5;12.6;1339.5;13.7;29.7;183.5
774;7.0;15.6;12.4;1217.1;13.6;24.6;151.2
775;7.0;15.5;11.9;1521.8;13.6;29.8;175.5
776;7.0;14.1;11.6;1564.9;14.3;25.5;144.9
777;7.0;14.4;12.2;1339.4;13.5;22.7;135.9
778;6.9;17.4;13.7;1575.7;15.3;38.5;257.7
779;6.9;14.9;12.1;1221.2;14.1;22.4;134.1
780;6.9;14.2;12.3;1371.7;14.0;23.2;143.5
781;6.8;18.3;12.9;1240.9;15.0;33.7;214.4
782;6.8;16.9;12.1;1437.9;13.5;33.3;194.9
783;6.8;16.3;12.2;1496.9;13.1;32.0;188.9
784;6.8;16.1;11.1;1418.2;12.9;30.2;161.3
785;6.7;16.2;11.9;1359.5;13.6;29.0;168.1
786;6.8;16.4;12.4;1564.9;14.0;34.0;205.6
787;6.8;17.2;12.5;1359.1;14.1;32.8;200.2
788;6.9;16.3;13.0;1199.6;16.1;26.6;173.7
789;6.9;9.6;9.8;669.7;13.1;5.9;32.5
790;6.9;16.2;12.4;1319.7;14.2;28.3;172.0
791;6.9;14.3;12.1;1672.1;14.0;28.1;168.9
792;6.9;16.5;12.6;1120.5;14.4;25.2;156.3
793;6.9;15.3;12.6;1690.9;15.4;32.2;199.2
794;6.9;14.5;12.1;1255.8;14.0;22.1;133.4
795;6.9;16.1;12.7;1556.0;13.1;32.8;204.0
796;6.9;16.1;12.6;1477.3;13.2;31.2;193.0
797;6.8;16.0;11.9;1516.6;13.2;31.7;184.7
798;6.8;14.9;11.8;1339.5;12.5;25.0;146.0
799;6.8;14.6;11.5;1333.9;13.4;24.2;138.3
800;6.8;16.6;12.3;1622.8;14.4;36.3;217.8
801;6.9;15.6;12.5;1378.8;13.3;27.4;169.1
802;6.7;16.8;12.5;1319.6;13.9;30.2;184.6
803;6.7;15.1;11.8;1339.5;14.4;25.4;149.1
804;6.7;15.9;12.0;1519.5;13.4;31.3;184.3
805;6.7;17.2;12.3;1419.5;13.4;33.6;200.2
806;6.7;16.7;12.4;1539.5;13.7;34.8;209.2
807;3.8;11.0;7.6;1599.5;7.5;15.9;57.9
808;4.0;12.5;8.3;1575.7;9.2;19.8;79.6
809;3.6;9.2;6.1;1479.5;7.2;10.1;30.8
810;3.6;8.2;5.6;1199.6;6.7;7.0;20.4
811;3.6;8.6;5.9;1579.5;7.2;9.7;28.8
812;3.6;8.8;6.0;1519.5;6.5;9.6;28.3
813;13.7;26.0;24.5;959.7;26.0;53.0;625.2
